[
  {
    "id": "aa1f8239-29be-4e70-9e05-ebb25322a8f4",
    "data": [
      {
        "text": "You can call me ",
        "userDefined": false
      },
      {
        "text": "Stewart",
        "meta": "@sys.given-name",
        "alias": "name",
        "userDefined": true
      }
    ],
    "isTemplate": false,
    "count": 0,
    "lang": "en",
    "updated": 0
  },
  {
    "id": "30a820ff-33a4-47c1-b099-1fb2ba5c532d",
    "data": [
      {
        "text": "I\u0027m ",
        "userDefined": false
      },
      {
        "text": "Bob",
        "meta": "@sys.given-name",
        "alias": "name",
        "userDefined": true
      }
    ],
    "isTemplate": false,
    "count": 0,
    "lang": "en",
    "updated": 0
  },
  {
    "id": "6afac8c1-8748-44a0-bd20-64b0d380f454",
    "data": [
      {
        "text": "I am ",
        "userDefined": false
      },
      {
        "text": "Anne",
        "meta": "@sys.given-name",
        "alias": "name",
        "userDefined": true
      }
    ],
    "isTemplate": false,
    "count": 0,
    "lang": "en",
    "updated": 0
  },
  {
    "id": "3934ed2c-2908-4e84-857c-7059d85cfdde",
    "data": [
      {
        "text": "Mike",
        "meta": "@sys.given-name",
        "alias": "name",
        "userDefined": true
      }
    ],
    "isTemplate": false,
    "count": 0,
    "lang": "en",
    "updated": 0
  },
  {
    "id": "17ea169b-3da4-4335-b9ea-f771b09652cf",
    "data": [
      {
        "text": "My name is ",
        "userDefined": false
      },
      {
        "text": "Richard",
        "meta": "@sys.given-name",
        "alias": "name",
        "userDefined": false
      }
    ],
    "isTemplate": false,
    "count": 0,
    "lang": "en",
    "updated": 0
  }
]