[
  {
    "id": "284ac7b9-6653-4f0a-aa52-ad19c1fe052f",
    "data": [
      {
        "text": "* toilet *",
        "userDefined": false
      }
    ],
    "isTemplate": false,
    "count": 0,
    "lang": "en",
    "updated": 0
  },
  {
    "id": "aa175e78-4f7c-4a35-802b-b7a1b3042055",
    "data": [
      {
        "text": "* bathroom *",
        "userDefined": false
      }
    ],
    "isTemplate": false,
    "count": 0,
    "lang": "en",
    "updated": 0
  },
  {
    "id": "d4a80fba-7853-46ec-bfb1-3571e189f279",
    "data": [
      {
        "text": "little boys room",
        "userDefined": false
      }
    ],
    "isTemplate": false,
    "count": 0,
    "lang": "en",
    "updated": 0
  },
  {
    "id": "23f49b30-843f-428d-87b5-cecc9b302890",
    "data": [
      {
        "text": "little girls room",
        "userDefined": false
      }
    ],
    "isTemplate": false,
    "count": 0,
    "lang": "en",
    "updated": 0
  },
  {
    "id": "d4e6486e-c9ec-48ec-8342-f26a30e21560",
    "data": [
      {
        "text": "toilet",
        "userDefined": false
      }
    ],
    "isTemplate": false,
    "count": 0,
    "lang": "en",
    "updated": 0
  },
  {
    "id": "a8cc47ba-09e5-47e3-991f-c993111b06c5",
    "data": [
      {
        "text": "bathroom",
        "userDefined": false
      }
    ],
    "isTemplate": false,
    "count": 0,
    "lang": "en",
    "updated": 0
  },
  {
    "id": "0b6778a9-ea44-47b5-84a6-5fc95672eed8",
    "data": [
      {
        "text": "I am looking for the toilet",
        "userDefined": false
      }
    ],
    "isTemplate": false,
    "count": 0,
    "lang": "en",
    "updated": 0
  },
  {
    "id": "8f3e96c2-8c2c-41f6-982d-54c55642625a",
    "data": [
      {
        "text": "I am looking for the bathroom",
        "userDefined": false
      }
    ],
    "isTemplate": false,
    "count": 0,
    "lang": "en",
    "updated": 0
  },
  {
    "id": "d17939e4-a4c2-41d8-be21-d8391a9643f8",
    "data": [
      {
        "text": "where is the toilet?",
        "userDefined": false
      }
    ],
    "isTemplate": false,
    "count": 0,
    "lang": "en",
    "updated": 0
  },
  {
    "id": "2ea7f192-dc0f-4134-ab36-517c978b7cc6",
    "data": [
      {
        "text": "I\u0027m looking for the toilet",
        "userDefined": false
      }
    ],
    "isTemplate": false,
    "count": 0,
    "lang": "en",
    "updated": 0
  },
  {
    "id": "e3674a65-3186-475d-b6d8-1841754534b0",
    "data": [
      {
        "text": "where is the bathroom?",
        "userDefined": false
      }
    ],
    "isTemplate": false,
    "count": 0,
    "lang": "en",
    "updated": 0
  },
  {
    "id": "77eefa3c-781b-4a99-96a5-321320c3ff8b",
    "data": [
      {
        "text": "I\u0027m looking for the bathroom",
        "userDefined": false
      }
    ],
    "isTemplate": false,
    "count": 0,
    "lang": "en",
    "updated": 0
  }
]