[
  {
    "id": "f3c64e2e-4bda-4f3d-80d3-5ee498d991af",
    "data": [
      {
        "text": "pizza please",
        "userDefined": false
      }
    ],
    "isTemplate": false,
    "count": 0,
    "lang": "en",
    "updated": 0
  },
  {
    "id": "0729049f-5585-4810-9e4c-c400aa25c917",
    "data": [
      {
        "text": "I\u0027d like a pizza",
        "userDefined": false
      }
    ],
    "isTemplate": false,
    "count": 0,
    "lang": "en",
    "updated": 0
  },
  {
    "id": "3fc7cd7a-a0dc-4ece-b203-02528d1bfb7c",
    "data": [
      {
        "text": "* pizza *",
        "userDefined": false
      }
    ],
    "isTemplate": false,
    "count": 0,
    "lang": "en",
    "updated": 0
  },
  {
    "id": "786a689a-7e1f-4cfa-b4b1-a16f642d345c",
    "data": [
      {
        "text": "can I have a pizza",
        "userDefined": false
      }
    ],
    "isTemplate": false,
    "count": 0,
    "lang": "en",
    "updated": 0
  },
  {
    "id": "febfddb4-c720-4f21-81bd-1ba044a156ea",
    "data": [
      {
        "text": "I would like to order pizza",
        "userDefined": false
      }
    ],
    "isTemplate": false,
    "count": 0,
    "lang": "en",
    "updated": 0
  }
]