[
  {
    "id": "0ad74e50-436a-46dd-afa3-c6f8d7bad6d3",
    "data": [
      {
        "text": "a ",
        "userDefined": false
      },
      {
        "text": "peperoni",
        "meta": "@pizza_type",
        "alias": "pizza_type",
        "userDefined": true
      },
      {
        "text": " please",
        "userDefined": false
      }
    ],
    "isTemplate": false,
    "count": 0,
    "lang": "en",
    "updated": 0
  },
  {
    "id": "5e81bc34-ac85-4559-8800-a756be52d468",
    "data": [
      {
        "text": "veggie",
        "meta": "@pizza_type",
        "alias": "pizza_type",
        "userDefined": true
      }
    ],
    "isTemplate": false,
    "count": 0,
    "lang": "en",
    "updated": 0
  },
  {
    "id": "49f64d4a-adb8-4168-94bc-a5bcfc648889",
    "data": [
      {
        "text": "I would like a ",
        "userDefined": false
      },
      {
        "text": "magarita",
        "meta": "@pizza_type",
        "alias": "pizza_type",
        "userDefined": true
      },
      {
        "text": " pizza",
        "userDefined": false
      }
    ],
    "isTemplate": false,
    "count": 0,
    "lang": "en",
    "updated": 0
  }
]